{
    "loss": 1.4586049318313599,
    "accuracy": 0.8920863270759583
}