{
    "loss": 19.405179977416992,
    "accuracy": 0.5467625856399536
}